{"categories":[{"term_id":211,"name":"Allergy","slug":"allergy","term_group":0,"term_taxonomy_id":211,"taxonomy":"rtcl_category","description":"","parent":0,"count":0,"filter":"raw","meta":{"_rtcl_booking_disable":[""],"_rtcl_map_icon":["0"],"_rtcl_order":["0"],"_rtcl_types":["doctors"],"_rtcl_image":["0"],"_rtcl_icon":[""]},"child":[]},{"term_id":61,"name":"Business &amp; Industry","slug":"business-industry","term_group":0,"term_taxonomy_id":61,"taxonomy":"rtcl_category","description":"Many businessmen, industries and consumers trade in their factory's raw materials, machinery &amp; medical equipment, among other things.","parent":0,"count":0,"filter":"raw","meta":{"_rtcl_order":["0"],"_rtcl_image":["2442"],"_rtcl_icon":["box"],"_rtcl_map_icon":["0"],"_rtcl_booking_disable":[""],"_rtcl_types":["buy","sell","exchange"]},"child":[{"term_id":73,"name":"Industry Machinery &amp; Tools","slug":"industry-machinery-tools","term_group":0,"term_taxonomy_id":73,"taxonomy":"rtcl_category","description":"","parent":61,"count":1,"filter":"raw","meta":{"_rtcl_order":["0","2"],"_rtcl_image":["0"],"_rtcl_icon":[""],"_rtcl_types":["buy"]},"child":[]},{"term_id":79,"name":"Licences, Titles &amp; Tenders","slug":"licences-titles-tenders","term_group":0,"term_taxonomy_id":79,"taxonomy":"rtcl_category","description":"","parent":61,"count":1,"filter":"raw","meta":{"_rtcl_order":["0","5"],"_rtcl_image":["0"],"_rtcl_icon":[""]},"child":[]},{"term_id":82,"name":"Medical Equipment &amp; Supplies","slug":"medical-equipment-supplies","term_group":0,"term_taxonomy_id":82,"taxonomy":"rtcl_category","description":"","parent":61,"count":1,"filter":"raw","meta":{"_rtcl_order":["0","4"],"_rtcl_image":["0"],"_rtcl_icon":[""]},"child":[]},{"term_id":91,"name":"Office Supplies &amp; Stationary","slug":"office-supplies-stationary","term_group":0,"term_taxonomy_id":91,"taxonomy":"rtcl_category","description":"","parent":61,"count":1,"filter":"raw","meta":{"_rtcl_order":["0","3"],"_rtcl_image":["0"],"_rtcl_icon":[""]},"child":[]}]},{"term_id":283,"name":"Cafe","slug":"cafe","term_group":0,"term_taxonomy_id":283,"taxonomy":"rtcl_category","description":"","parent":0,"count":0,"filter":"raw","meta":{"_rtcl_order":["0"]},"child":[]},{"term_id":62,"name":"Cars &amp; Vehicles","slug":"cars-vehicles","term_group":0,"term_taxonomy_id":62,"taxonomy":"rtcl_category","description":"Sell \u200b\u200bmotorbikes &amp; other vehicles New and used. Find your favorite brand from top brands including Nissan, Honda, Toyota and Suzuki.","parent":0,"count":1,"filter":"raw","meta":{"_rtcl_order":["6"],"_rtcl_image":["3225"],"_rtcl_icon":["bus"],"_rtcl_map_icon":["0"],"_rtcl_booking_disable":[""],"_rtcl_types":["buy","sell"]},"child":[{"term_id":137,"name":"Auto Parts &amp; Accessories","slug":"auto-parts-accessories","term_group":0,"term_taxonomy_id":137,"taxonomy":"rtcl_category","description":"","parent":62,"count":2,"filter":"raw","meta":{"_rtcl_order":["0","6"],"_rtcl_image":["0"],"_rtcl_icon":[""]},"child":[]},{"term_id":138,"name":"Auto Services","slug":"auto-services","term_group":0,"term_taxonomy_id":138,"taxonomy":"rtcl_category","description":"","parent":62,"count":1,"filter":"raw","meta":{"_rtcl_order":["0","8"],"_rtcl_image":["0"],"_rtcl_icon":[""]},"child":[]},{"term_id":141,"name":"Bicycles and Three Wheelers","slug":"bicycles-and-three-wheelers","term_group":0,"term_taxonomy_id":141,"taxonomy":"rtcl_category","description":"","parent":62,"count":2,"filter":"raw","meta":{"_rtcl_order":["0","3"],"_rtcl_image":["0"],"_rtcl_icon":[""]},"child":[]},{"term_id":142,"name":"Boats &amp; Water Transport","slug":"boats-water-transport","term_group":0,"term_taxonomy_id":142,"taxonomy":"rtcl_category","description":"","parent":62,"count":1,"filter":"raw","meta":{"_rtcl_order":["0","7"],"_rtcl_image":["0"],"_rtcl_icon":[""]},"child":[]},{"term_id":146,"name":"Cars","slug":"cars","term_group":0,"term_taxonomy_id":146,"taxonomy":"rtcl_category","description":"","parent":62,"count":2,"filter":"raw","meta":{"_rtcl_order":["0","1"],"_rtcl_image":["0"],"_rtcl_icon":[""]},"child":[]},{"term_id":86,"name":"Motorbikes &amp; Scooters","slug":"motorbikes-scooters","term_group":0,"term_taxonomy_id":86,"taxonomy":"rtcl_category","description":"","parent":62,"count":2,"filter":"raw","meta":{"_rtcl_order":["0","2"],"_rtcl_image":["0"],"_rtcl_icon":[""]},"child":[]},{"term_id":114,"name":"Tractors &amp; Heavy-Duty","slug":"tractors-heavy-duty","term_group":0,"term_taxonomy_id":114,"taxonomy":"rtcl_category","description":"","parent":62,"count":1,"filter":"raw","meta":{"_rtcl_order":["0","5"],"_rtcl_image":["0"],"_rtcl_icon":[""]},"child":[]},{"term_id":116,"name":"Trucks, Vans &amp; Buses","slug":"trucks-vans-buses","term_group":0,"term_taxonomy_id":116,"taxonomy":"rtcl_category","description":"","parent":62,"count":2,"filter":"raw","meta":{"_rtcl_order":["0","4"],"_rtcl_image":["0"],"_rtcl_icon":[""]},"child":[]}]},{"term_id":64,"name":"Education","slug":"education","term_group":0,"term_taxonomy_id":64,"taxonomy":"rtcl_category","description":"Buy &amp; sell school-college textbooks and magazines. Find easy tuition , classes and domestic and foreign educational topics.","parent":0,"count":0,"filter":"raw","meta":{"_rtcl_order":["2"],"_rtcl_image":["2444"],"_rtcl_icon":["graduation-cap"],"_rtcl_map_icon":["0"],"_rtcl_types":["sell","buy"]},"child":[{"term_id":112,"name":"Textbooks","slug":"textbooks","term_group":0,"term_taxonomy_id":112,"taxonomy":"rtcl_category","description":"","parent":64,"count":2,"filter":"raw","meta":{"_rtcl_order":["0","1"],"_rtcl_image":["0"],"_rtcl_icon":[""]},"child":[]},{"term_id":117,"name":"Tuition","slug":"tuition","term_group":0,"term_taxonomy_id":117,"taxonomy":"rtcl_category","description":"","parent":64,"count":1,"filter":"raw","meta":{"_rtcl_order":["0","2"],"_rtcl_image":["0"],"_rtcl_icon":[""]},"child":[]}]},{"term_id":65,"name":"Electronics","slug":"electronics","term_group":0,"term_taxonomy_id":65,"taxonomy":"rtcl_category","description":"Lorem ipsum dolor sit amet, consetetur sadipscing elitr","parent":0,"count":0,"filter":"raw","meta":{"_rtcl_order":["0"],"_rtcl_image":["2448"],"_rtcl_icon":["glass"],"_rtcl_map_icon":["0"],"_rtcl_types":["sell","buy","exchange"]},"child":[{"term_id":130,"name":"Air Conditioner ( AC )","slug":"air-conditioner-ac","term_group":0,"term_taxonomy_id":130,"taxonomy":"rtcl_category","description":"","parent":65,"count":2,"filter":"raw","meta":{"_rtcl_order":["0","12"],"_rtcl_image":["0"],"_rtcl_icon":[""]},"child":[]},{"term_id":136,"name":"Audio &amp; MP3","slug":"audio-mp3","term_group":0,"term_taxonomy_id":136,"taxonomy":"rtcl_category","description":"","parent":65,"count":2,"filter":"raw","meta":{"_rtcl_order":["0","8"],"_rtcl_image":["0"],"_rtcl_icon":[""]},"child":[]},{"term_id":145,"name":"Cameras &amp; Camcorders","slug":"cameras-camcorders","term_group":0,"term_taxonomy_id":145,"taxonomy":"rtcl_category","description":"","parent":65,"count":2,"filter":"raw","meta":{"_rtcl_order":["0","7"],"_rtcl_image":["0"],"_rtcl_icon":[""]},"child":[]},{"term_id":149,"name":"Computer Accessories","slug":"computer-accessories","term_group":0,"term_taxonomy_id":149,"taxonomy":"rtcl_category","description":"","parent":65,"count":2,"filter":"raw","meta":{"_rtcl_order":["0","4"],"_rtcl_image":["0"],"_rtcl_icon":[""]},"child":[]},{"term_id":150,"name":"Computers &amp; Tablets","slug":"computers-tablets","term_group":0,"term_taxonomy_id":150,"taxonomy":"rtcl_category","description":"","parent":65,"count":3,"filter":"raw","meta":{"_rtcl_order":["0","3"],"_rtcl_image":["0"],"_rtcl_icon":[""]},"child":[]},{"term_id":67,"name":"Freeze","slug":"freeze","term_group":0,"term_taxonomy_id":67,"taxonomy":"rtcl_category","description":"","parent":65,"count":2,"filter":"raw","meta":{"_rtcl_order":["0","11"],"_rtcl_image":["0"],"_rtcl_icon":[""]},"child":[]},{"term_id":213,"name":"Houses","slug":"houses-electronics","term_group":0,"term_taxonomy_id":213,"taxonomy":"rtcl_category","description":"","parent":65,"count":0,"filter":"raw","meta":{"_rtcl_map_icon":["0"],"_rtcl_order":["0"],"_rtcl_types":["sell","buy","to_let"],"_rtcl_image":["0"],"_rtcl_icon":[""]},"child":[]},{"term_id":80,"name":"Lighting","slug":"lighting","term_group":0,"term_taxonomy_id":80,"taxonomy":"rtcl_category","description":"","parent":65,"count":1,"filter":"raw","meta":{"_rtcl_order":["0","9"],"_rtcl_image":["0"],"_rtcl_icon":[""]},"child":[]},{"term_id":85,"name":"Mobile Accessories","slug":"mobile-phone-accessories","term_group":0,"term_taxonomy_id":85,"taxonomy":"rtcl_category","description":"","parent":65,"count":1,"filter":"raw","meta":{"_rtcl_order":["0"],"_rtcl_image":["0"],"_rtcl_icon":[""]},"child":[]},{"term_id":84,"name":"Mobile Phone","slug":"mobile-phone","term_group":0,"term_taxonomy_id":84,"taxonomy":"rtcl_category","description":"","parent":65,"count":2,"filter":"raw","meta":{"_rtcl_order":["0","1"],"_rtcl_image":["0"],"_rtcl_icon":[""]},"child":[]},{"term_id":94,"name":"Other Electronics","slug":"other-electronics","term_group":0,"term_taxonomy_id":94,"taxonomy":"rtcl_category","description":"","parent":65,"count":1,"filter":"raw","meta":{"_rtcl_order":["0","13"],"_rtcl_image":["0"],"_rtcl_icon":[""]},"child":[]},{"term_id":118,"name":"TV &amp; Video Accessories","slug":"tv-video-accessories","term_group":0,"term_taxonomy_id":118,"taxonomy":"rtcl_category","description":"","parent":65,"count":2,"filter":"raw","meta":{"_rtcl_order":["0","6"],"_rtcl_image":["0"],"_rtcl_icon":[""]},"child":[]},{"term_id":119,"name":"TVs","slug":"tvs","term_group":0,"term_taxonomy_id":119,"taxonomy":"rtcl_category","description":"","parent":65,"count":2,"filter":"raw","meta":{"_rtcl_order":["0","5"],"_rtcl_image":["0"],"_rtcl_icon":[""]},"child":[]},{"term_id":122,"name":"Video Games &amp; Consoles","slug":"video-games-consoles","term_group":0,"term_taxonomy_id":122,"taxonomy":"rtcl_category","description":"","parent":65,"count":1,"filter":"raw","meta":{"_rtcl_order":["0","10"],"_rtcl_image":["0"],"_rtcl_icon":[""]},"child":[]}]},{"term_id":212,"name":"Eye Hospitals","slug":"eye-hospitals","term_group":0,"term_taxonomy_id":212,"taxonomy":"rtcl_category","description":"","parent":0,"count":0,"filter":"raw","meta":{"_rtcl_booking_disable":[""],"_rtcl_map_icon":["0"],"_rtcl_order":["0"],"_rtcl_types":["hospitals"],"_rtcl_image":["0"],"_rtcl_icon":[""]},"child":[]},{"term_id":66,"name":"Food &amp; Agriculture","slug":"food-agriculture","term_group":0,"term_taxonomy_id":66,"taxonomy":"rtcl_category","description":"Find different types of consumer products including fresh fruits and vegetables, meat, fish, crop seeds, trees and other agricultural products.","parent":0,"count":0,"filter":"raw","meta":{"_rtcl_order":["5"],"_rtcl_image":["2447"],"_rtcl_icon":["food"],"_rtcl_map_icon":["0"],"_rtcl_types":["sell","buy","exchange"]},"child":[{"term_id":156,"name":"Farming Tools &amp; Machinery","slug":"farming-tools-machinery","term_group":0,"term_taxonomy_id":156,"taxonomy":"rtcl_category","description":"","parent":66,"count":1,"filter":"raw","meta":{"_rtcl_order":["0","3"],"_rtcl_image":["0"],"_rtcl_icon":[""]},"child":[]},{"term_id":157,"name":"Food","slug":"food","term_group":0,"term_taxonomy_id":157,"taxonomy":"rtcl_category","description":"","parent":66,"count":1,"filter":"raw","meta":{"_rtcl_order":["0","1"],"_rtcl_image":["0"],"_rtcl_icon":[""]},"child":[]}]},{"term_id":68,"name":"Health &amp; Beauty","slug":"health-beauty","term_group":0,"term_taxonomy_id":68,"taxonomy":"rtcl_category","description":"Buy &amp; sell various beauty products, Jewelry, Shoes, including bag, watches, perfumes, beauty items &amp; Children's Items.","parent":0,"count":0,"filter":"raw","meta":{"_rtcl_order":["9"],"_rtcl_image":["2445"],"_rtcl_icon":["heart"],"_rtcl_map_icon":["0"],"_rtcl_types":["sell","buy","exchange"]},"child":[{"term_id":139,"name":"Bags","slug":"bags","term_group":0,"term_taxonomy_id":139,"taxonomy":"rtcl_category","description":"","parent":68,"count":1,"filter":"raw","meta":{"_rtcl_order":["0","4"],"_rtcl_image":["0"],"_rtcl_icon":[""]},"child":[]},{"term_id":69,"name":"Health &amp; Beauty Items","slug":"health-beauty-items","term_group":0,"term_taxonomy_id":69,"taxonomy":"rtcl_category","description":"","parent":68,"count":1,"filter":"raw","meta":{"_rtcl_order":["0","1"],"_rtcl_image":["0"],"_rtcl_icon":[""]},"child":[]},{"term_id":75,"name":"Jewellery","slug":"jewellery","term_group":0,"term_taxonomy_id":75,"taxonomy":"rtcl_category","description":"","parent":68,"count":1,"filter":"raw","meta":{"_rtcl_order":["0","2"],"_rtcl_image":["0"],"_rtcl_icon":[""]},"child":[]},{"term_id":97,"name":"Other Personal Items","slug":"other-personal-items","term_group":0,"term_taxonomy_id":97,"taxonomy":"rtcl_category","description":"","parent":68,"count":1,"filter":"raw","meta":{"_rtcl_order":["0","6"],"_rtcl_image":["0"],"_rtcl_icon":[""]},"child":[]},{"term_id":108,"name":"Shoes &amp; Footwear","slug":"shoes-footwear","term_group":0,"term_taxonomy_id":108,"taxonomy":"rtcl_category","description":"","parent":68,"count":2,"filter":"raw","meta":{"_rtcl_order":["0","5"],"_rtcl_image":["0"],"_rtcl_icon":[""]},"child":[]},{"term_id":123,"name":"Watches","slug":"watches","term_group":0,"term_taxonomy_id":123,"taxonomy":"rtcl_category","description":"","parent":68,"count":2,"filter":"raw","meta":{"_rtcl_order":["0","3"],"_rtcl_image":["0"],"_rtcl_icon":[""]},"child":[]},{"term_id":127,"name":"Wholesale-Bulk","slug":"wholesale-bulk","term_group":0,"term_taxonomy_id":127,"taxonomy":"rtcl_category","description":"","parent":68,"count":1,"filter":"raw","meta":{"_rtcl_order":["0","7"],"_rtcl_image":["0"],"_rtcl_icon":[""]},"child":[]}]},{"term_id":70,"name":"Hobby, Sport &amp; Kids","slug":"hobby-sport-kids","term_group":0,"term_taxonomy_id":70,"taxonomy":"rtcl_category","description":"Sell musical instruments and various items of the kids, including the new and used sports equipment and the traditional arts and collectibles.","parent":0,"count":1,"filter":"raw","meta":{"_rtcl_order":["3"],"_rtcl_image":["116"],"_rtcl_icon":["soccer-ball"],"_rtcl_map_icon":["0"],"_rtcl_types":["sell","buy","exchange"]},"child":[{"term_id":147,"name":"Children's Items","slug":"childrens-items","term_group":0,"term_taxonomy_id":147,"taxonomy":"rtcl_category","description":"","parent":70,"count":2,"filter":"raw","meta":{"_rtcl_order":["0","3"],"_rtcl_image":["0"],"_rtcl_icon":[""]},"child":[]},{"term_id":162,"name":"Handicrafts &amp; Decoration","slug":"handicrafts-decoration","term_group":0,"term_taxonomy_id":162,"taxonomy":"rtcl_category","description":"","parent":70,"count":2,"filter":"raw","meta":{"_rtcl_order":["0","4"],"_rtcl_image":["0"],"_rtcl_icon":[""]},"child":[]},{"term_id":87,"name":"Music, Books &amp; Movies","slug":"music-books-movies","term_group":0,"term_taxonomy_id":87,"taxonomy":"rtcl_category","description":"","parent":70,"count":2,"filter":"raw","meta":{"_rtcl_order":["0","5"],"_rtcl_image":["0"],"_rtcl_icon":[""]},"child":[]},{"term_id":88,"name":"Musical Instruments","slug":"musical-instruments","term_group":0,"term_taxonomy_id":88,"taxonomy":"rtcl_category","description":"","parent":70,"count":2,"filter":"raw","meta":{"_rtcl_order":["0","2"],"_rtcl_image":["0"],"_rtcl_icon":[""]},"child":[]},{"term_id":96,"name":"Other Hobby, Sport &amp; Kids items","slug":"other-hobby-sport-kids-items","term_group":0,"term_taxonomy_id":96,"taxonomy":"rtcl_category","description":"","parent":70,"count":1,"filter":"raw","meta":{"_rtcl_order":["0","7"],"_rtcl_image":["0"],"_rtcl_icon":[""]},"child":[]},{"term_id":110,"name":"Sports Equipment","slug":"sports-equipment","term_group":0,"term_taxonomy_id":110,"taxonomy":"rtcl_category","description":"","parent":70,"count":4,"filter":"raw","meta":{"_rtcl_order":["0","1"],"_rtcl_image":["0"],"_rtcl_icon":[""]},"child":[]}]},{"term_id":71,"name":"Home Appliances","slug":"home-appliances","term_group":0,"term_taxonomy_id":71,"taxonomy":"rtcl_category","description":"Find various type of home appliances like furniture, electrical equipment, kitchen and gardening items and more items for your home.","parent":0,"count":1,"filter":"raw","meta":{"_rtcl_order":["0"],"_rtcl_image":["1016"],"_rtcl_icon":["male"],"_rtcl_types":["sell","buy"],"_rtcl_map_icon":["0"]},"child":[{"term_id":153,"name":"Electricity, AC &amp; Bathroom","slug":"electricity-ac-bathroom","term_group":0,"term_taxonomy_id":153,"taxonomy":"rtcl_category","description":"","parent":71,"count":2,"filter":"raw","meta":{"_rtcl_order":["0","3"],"_rtcl_image":["0"],"_rtcl_icon":[""]},"child":[]},{"term_id":160,"name":"Furniture","slug":"furniture","term_group":0,"term_taxonomy_id":160,"taxonomy":"rtcl_category","description":"","parent":71,"count":2,"filter":"raw","meta":{"_rtcl_order":["0","2"],"_rtcl_image":["0"],"_rtcl_icon":[""]},"child":[]},{"term_id":72,"name":"Home Appliances","slug":"home-appliances-home-appliances","term_group":0,"term_taxonomy_id":72,"taxonomy":"rtcl_category","description":"","parent":71,"count":2,"filter":"raw","meta":{"_rtcl_order":["0","1"],"_rtcl_image":["0"],"_rtcl_icon":[""],"_rtcl_types":["sell","buy"]},"child":[]},{"term_id":99,"name":"Others Home Items","slug":"others-home-items","term_group":0,"term_taxonomy_id":99,"taxonomy":"rtcl_category","description":"","parent":71,"count":2,"filter":"raw","meta":{"_rtcl_order":["0","4"],"_rtcl_image":["0"],"_rtcl_icon":[""],"_rtcl_types":["sell","buy"]},"child":[]}]},{"term_id":282,"name":"Hotel &amp; Mall","slug":"hotel-mall","term_group":0,"term_taxonomy_id":282,"taxonomy":"rtcl_category","description":"","parent":0,"count":0,"filter":"raw","meta":{"_rtcl_order":["0"]},"child":[]},{"term_id":76,"name":"Jobs","slug":"jobs","term_group":0,"term_taxonomy_id":76,"taxonomy":"rtcl_category","description":"Simple post &amp; apply for domestics and international job vacancies for your dream location. Find your expected job in your nearest cities.","parent":0,"count":0,"filter":"raw","meta":{"_rtcl_order":["0"],"_rtcl_image":["2449"],"_rtcl_icon":["briefcase"],"_rtcl_map_icon":["0"],"_rtcl_types":["job"],"_rtcl_price_units":["year","month","week"]},"child":[{"term_id":81,"name":"Local Jobs","slug":"local-jobs","term_group":0,"term_taxonomy_id":81,"taxonomy":"rtcl_category","description":"","parent":76,"count":1,"filter":"raw","meta":{"_rtcl_order":["0","1"],"_rtcl_image":["0"],"_rtcl_icon":[""],"_rtcl_types":["job"]},"child":[]}]},{"term_id":277,"name":"My geo location","slug":"my-geo-location","term_group":0,"term_taxonomy_id":277,"taxonomy":"rtcl_category","description":"","parent":0,"count":0,"filter":"raw","meta":{"_rtcl_order":["0"]},"child":[]},{"term_id":98,"name":"Others","slug":"others","term_group":0,"term_taxonomy_id":98,"taxonomy":"rtcl_category","description":"Here you can buy &amp; sell almost anything. Classified advertisement for lots of products and items all over Country.","parent":0,"count":2,"filter":"raw","meta":{"_rtcl_order":["100"],"_rtcl_image":["1018"],"_rtcl_icon":["file-archive"],"_rtcl_map_icon":["0"],"_rtcl_types":["sell","buy","exchange"]},"child":[]},{"term_id":100,"name":"Pets &amp; Animals","slug":"pets-animals","term_group":0,"term_taxonomy_id":100,"taxonomy":"rtcl_category","description":"Buy &amp; sell \u200b\u200byour favorite pets like puppies, dogs, kittens, cats, birds and find out other livestock and animal accessories.","parent":0,"count":0,"filter":"raw","meta":{"_rtcl_order":["0"],"_rtcl_image":["2446"],"_rtcl_icon":["paw"],"_rtcl_map_icon":["0"],"_rtcl_types":["sell","buy"]},"child":[{"term_id":132,"name":"Animal Accessories","slug":"animal-accessories","term_group":0,"term_taxonomy_id":132,"taxonomy":"rtcl_category","description":"","parent":100,"count":1,"filter":"raw","meta":{"_rtcl_order":["0","3"],"_rtcl_image":["0"],"_rtcl_icon":[""]},"child":[]},{"term_id":155,"name":"Farm Animals","slug":"farm-animals","term_group":0,"term_taxonomy_id":155,"taxonomy":"rtcl_category","description":"","parent":100,"count":2,"filter":"raw","meta":{"_rtcl_order":["0","2"],"_rtcl_image":["0"],"_rtcl_icon":[""]},"child":[]},{"term_id":169,"name":"Others Animals","slug":"others-animals","term_group":0,"term_taxonomy_id":169,"taxonomy":"rtcl_category","description":"","parent":100,"count":1,"filter":"raw","meta":{"_rtcl_order":["0","4"],"_rtcl_image":["0"],"_rtcl_icon":[""]},"child":[]},{"term_id":170,"name":"Pets","slug":"pets","term_group":0,"term_taxonomy_id":170,"taxonomy":"rtcl_category","description":"","parent":100,"count":1,"filter":"raw","meta":{"_rtcl_order":["0","1"],"_rtcl_image":["0"],"_rtcl_icon":[""]},"child":[]}]},{"term_id":278,"name":"Place","slug":"place","term_group":0,"term_taxonomy_id":278,"taxonomy":"rtcl_category","description":"","parent":0,"count":0,"filter":"raw","meta":{"_rtcl_order":["0"]},"child":[]},{"term_id":102,"name":"Property","slug":"property","term_group":0,"term_taxonomy_id":102,"taxonomy":"rtcl_category","description":"Sell \u200b\u200bdifferent types of property. Find your preferred property,residential and commercial property as well as plot and lands at the cheapest prices.","parent":0,"count":0,"filter":"raw","meta":{"_rtcl_order":["0"],"_rtcl_image":["2440"],"_rtcl_icon":["building"],"_rtcl_map_icon":["0"],"_rtcl_types":["sell","buy","to_let","rent"],"_rtcl_price_units":["month","total"]},"child":[{"term_id":134,"name":"Apartments &amp; Flats","slug":"apartments-flats","term_group":0,"term_taxonomy_id":134,"taxonomy":"rtcl_category","description":"","parent":102,"count":6,"filter":"raw","meta":{"_rtcl_order":["0"],"_rtcl_image":["0"],"_rtcl_icon":[""],"_rtcl_map_icon":["0"],"_rtcl_types":["sell","buy","rent"],"_rtcl_price_units":["year","month","sqft"]},"child":[]},{"term_id":148,"name":"Commercial Property","slug":"commercial-property","term_group":0,"term_taxonomy_id":148,"taxonomy":"rtcl_category","description":"","parent":102,"count":2,"filter":"raw","meta":{"_rtcl_order":["0","6"],"_rtcl_image":["0"],"_rtcl_icon":[""]},"child":[]},{"term_id":161,"name":"Garages","slug":"garages","term_group":0,"term_taxonomy_id":161,"taxonomy":"rtcl_category","description":"","parent":102,"count":1,"filter":"raw","meta":{"_rtcl_order":["0","5"],"_rtcl_image":["0"],"_rtcl_icon":[""]},"child":[]},{"term_id":164,"name":"Houses","slug":"houses","term_group":0,"term_taxonomy_id":164,"taxonomy":"rtcl_category","description":"","parent":102,"count":3,"filter":"raw","meta":{"_rtcl_order":["0"],"_rtcl_image":["0"],"_rtcl_icon":[""],"_rtcl_map_icon":["0"]},"child":[]},{"term_id":171,"name":"Plots &amp; Land","slug":"plots-land","term_group":0,"term_taxonomy_id":171,"taxonomy":"rtcl_category","description":"","parent":102,"count":1,"filter":"raw","meta":{"_rtcl_order":["0","3"],"_rtcl_image":["0"],"_rtcl_icon":[""]},"child":[]}]},{"term_id":279,"name":"Rent","slug":"rent","term_group":0,"term_taxonomy_id":279,"taxonomy":"rtcl_category","description":"","parent":0,"count":0,"filter":"raw","meta":{"_rtcl_order":["0"]},"child":[]},{"term_id":280,"name":"Restaurant","slug":"restaurant","term_group":0,"term_taxonomy_id":280,"taxonomy":"rtcl_category","description":"","parent":0,"count":0,"filter":"raw","meta":{"_rtcl_order":["0"]},"child":[]},{"term_id":107,"name":"Services","slug":"services","term_group":0,"term_taxonomy_id":107,"taxonomy":"rtcl_category","description":"Find business &amp; technical services including health, lifestyle, personal belongings and essential services dedicated to general consumer.","parent":0,"count":0,"filter":"raw","meta":{"_rtcl_order":["0"],"_rtcl_image":["2443"],"_rtcl_icon":["lifebuoy"],"_rtcl_map_icon":["0"],"_rtcl_types":["sell","buy","exchange"]},"child":[{"term_id":144,"name":"Business &amp; Technical Services","slug":"business-technical-services","term_group":0,"term_taxonomy_id":144,"taxonomy":"rtcl_category","description":"","parent":107,"count":1,"filter":"raw","meta":{"_rtcl_order":["0","1"],"_rtcl_image":["0"],"_rtcl_icon":[""]},"child":[]},{"term_id":152,"name":"Domestic &amp; Personal","slug":"domestic-personal","term_group":0,"term_taxonomy_id":152,"taxonomy":"rtcl_category","description":"","parent":107,"count":1,"filter":"raw","meta":{"_rtcl_order":["0","5"],"_rtcl_image":["0"],"_rtcl_icon":[""]},"child":[]},{"term_id":154,"name":"Events &amp; Hospitality","slug":"events-hospitality","term_group":0,"term_taxonomy_id":154,"taxonomy":"rtcl_category","description":"","parent":107,"count":1,"filter":"raw","meta":{"_rtcl_order":["0","6"],"_rtcl_image":["0"],"_rtcl_icon":[""]},"child":[]},{"term_id":163,"name":"Health &amp; Lifestyle","slug":"health-lifestyle","term_group":0,"term_taxonomy_id":163,"taxonomy":"rtcl_category","description":"","parent":107,"count":1,"filter":"raw","meta":{"_rtcl_order":["0","4"],"_rtcl_image":["0"],"_rtcl_icon":[""]},"child":[]},{"term_id":113,"name":"Tickets","slug":"tickets","term_group":0,"term_taxonomy_id":113,"taxonomy":"rtcl_category","description":"","parent":107,"count":1,"filter":"raw","meta":{"_rtcl_order":["0","3"],"_rtcl_image":["0"],"_rtcl_icon":[""]},"child":[]},{"term_id":115,"name":"Travel &amp; Visa","slug":"travel-visa","term_group":0,"term_taxonomy_id":115,"taxonomy":"rtcl_category","description":"","parent":107,"count":1,"filter":"raw","meta":{"_rtcl_order":["0","2"],"_rtcl_image":["0"],"_rtcl_icon":[""]},"child":[]}]},{"term_id":281,"name":"Street Food","slug":"street-food","term_group":0,"term_taxonomy_id":281,"taxonomy":"rtcl_category","description":"","parent":0,"count":0,"filter":"raw","meta":{"_rtcl_order":["0"]},"child":[]}],"locations":[{"term_id":33,"name":"California","slug":"california","term_group":0,"term_taxonomy_id":33,"taxonomy":"rtcl_location","description":"","parent":0,"count":4,"filter":"raw","meta":{"_rtcl_order":["0"]},"child":[{"term_id":37,"name":"Bakersfield","slug":"bakersfield","term_group":0,"term_taxonomy_id":37,"taxonomy":"rtcl_location","description":"","parent":33,"count":3,"filter":"raw","meta":{"_rtcl_order":["3"]},"child":[]},{"term_id":41,"name":"Claremont","slug":"claremont","term_group":0,"term_taxonomy_id":41,"taxonomy":"rtcl_location","description":"","parent":33,"count":1,"filter":"raw","meta":{"_rtcl_order":["4"]},"child":[]},{"term_id":46,"name":"Downey","slug":"downey","term_group":0,"term_taxonomy_id":46,"taxonomy":"rtcl_location","description":"","parent":33,"count":0,"filter":"raw","meta":{"_rtcl_order":["5"]},"child":[]}]},{"term_id":36,"name":"Kansas","slug":"kansas","term_group":0,"term_taxonomy_id":36,"taxonomy":"rtcl_location","description":"","parent":0,"count":2,"filter":"raw","meta":{"_rtcl_order":["2"]},"child":[{"term_id":38,"name":"Abilene","slug":"abilene","term_group":0,"term_taxonomy_id":38,"taxonomy":"rtcl_location","description":"","parent":36,"count":1,"filter":"raw","meta":{"_rtcl_order":["2"]},"child":[]},{"term_id":45,"name":"Hutchinson","slug":"hutchinson","term_group":0,"term_taxonomy_id":43,"taxonomy":"rtcl_location","description":"","parent":36,"count":1,"filter":"raw","meta":{"_rtcl_order":["4"]},"child":[]}]},{"term_id":43,"name":"Louisiana","slug":"louisiana","term_group":0,"term_taxonomy_id":44,"taxonomy":"rtcl_location","description":"","parent":0,"count":1,"filter":"raw","meta":{"_rtcl_order":["3"]},"child":[{"term_id":48,"name":"Bogalusa","slug":"bogalusa","term_group":0,"term_taxonomy_id":48,"taxonomy":"rtcl_location","description":"","parent":43,"count":1,"filter":"raw","meta":{"_rtcl_order":["2"]},"child":[]},{"term_id":52,"name":"Monroe","slug":"monroe","term_group":0,"term_taxonomy_id":52,"taxonomy":"rtcl_location","description":"","parent":43,"count":0,"filter":"raw","meta":{"_rtcl_order":["3"]},"child":[]},{"term_id":54,"name":"New Orleans","slug":"new-orleans","term_group":0,"term_taxonomy_id":54,"taxonomy":"rtcl_location","description":"","parent":43,"count":0,"filter":"raw","meta":{"_rtcl_order":["4"]},"child":[]}]},{"term_id":31,"name":"New Jersey","slug":"new-jersey","term_group":0,"term_taxonomy_id":31,"taxonomy":"rtcl_location","description":"","parent":0,"count":1,"filter":"raw","meta":{"_rtcl_order":["4"]},"child":[{"term_id":32,"name":"Bloomfield","slug":"bloomfield","term_group":0,"term_taxonomy_id":32,"taxonomy":"rtcl_location","description":"","parent":31,"count":1,"filter":"raw","meta":{"_rtcl_order":["2"]},"child":[]},{"term_id":34,"name":"Cape May","slug":"cape-may","term_group":0,"term_taxonomy_id":34,"taxonomy":"rtcl_location","description":"","parent":31,"count":0,"filter":"raw","meta":{"_rtcl_order":["3"]},"child":[]}]},{"term_id":44,"name":"New York","slug":"new-york","term_group":0,"term_taxonomy_id":45,"taxonomy":"rtcl_location","description":"","parent":0,"count":6,"filter":"raw","meta":{"_rtcl_order":["1"]},"child":[{"term_id":267,"name":"Albany","slug":"albany","term_group":0,"term_taxonomy_id":267,"taxonomy":"rtcl_location","description":"","parent":44,"count":0,"filter":"raw","meta":{"_rtcl_order":["16"]},"child":[]},{"term_id":270,"name":"Baldwin","slug":"baldwin","term_group":0,"term_taxonomy_id":270,"taxonomy":"rtcl_location","description":"","parent":44,"count":0,"filter":"raw","meta":{"_rtcl_order":["19"]},"child":[]},{"term_id":57,"name":"Brooklyn","slug":"brooklyn","term_group":0,"term_taxonomy_id":57,"taxonomy":"rtcl_location","description":"","parent":44,"count":1,"filter":"raw","meta":{"_rtcl_order":["4"]},"child":[]},{"term_id":261,"name":"Buffalo","slug":"buffalo","term_group":0,"term_taxonomy_id":261,"taxonomy":"rtcl_location","description":"","parent":44,"count":0,"filter":"raw","meta":{"_rtcl_order":["10"]},"child":[]},{"term_id":259,"name":"Franklin Square","slug":"franklin-square","term_group":0,"term_taxonomy_id":259,"taxonomy":"rtcl_location","description":"","parent":44,"count":0,"filter":"raw","meta":{"_rtcl_order":["8"]},"child":[]},{"term_id":265,"name":"Freeport","slug":"freeport","term_group":0,"term_taxonomy_id":265,"taxonomy":"rtcl_location","description":"","parent":44,"count":0,"filter":"raw","meta":{"_rtcl_order":["14"]},"child":[]},{"term_id":256,"name":"Hempstead","slug":"hempstead","term_group":0,"term_taxonomy_id":256,"taxonomy":"rtcl_location","description":"","parent":44,"count":0,"filter":"raw","meta":{"_rtcl_order":["5"]},"child":[]},{"term_id":263,"name":"Ithaca","slug":"ithaca","term_group":0,"term_taxonomy_id":263,"taxonomy":"rtcl_location","description":"","parent":44,"count":0,"filter":"raw","meta":{"_rtcl_order":["12"]},"child":[]},{"term_id":262,"name":"Long Beach","slug":"long-beach","term_group":0,"term_taxonomy_id":262,"taxonomy":"rtcl_location","description":"","parent":44,"count":0,"filter":"raw","meta":{"_rtcl_order":["11"]},"child":[]},{"term_id":257,"name":"Lynbrook","slug":"lynbrook","term_group":0,"term_taxonomy_id":257,"taxonomy":"rtcl_location","description":"","parent":44,"count":0,"filter":"raw","meta":{"_rtcl_order":["6"]},"child":[]},{"term_id":254,"name":"Mineola","slug":"mineola","term_group":0,"term_taxonomy_id":254,"taxonomy":"rtcl_location","description":"","parent":44,"count":0,"filter":"raw","meta":{"_rtcl_order":["3"]},"child":[]},{"term_id":255,"name":"Mount Vernon","slug":"mount-vernon","term_group":0,"term_taxonomy_id":255,"taxonomy":"rtcl_location","description":"","parent":44,"count":0,"filter":"raw","meta":{"_rtcl_order":["4"]},"child":[]},{"term_id":264,"name":"New Rochelle","slug":"new-rochelle","term_group":0,"term_taxonomy_id":264,"taxonomy":"rtcl_location","description":"","parent":44,"count":0,"filter":"raw","meta":{"_rtcl_order":["13"]},"child":[]},{"term_id":260,"name":"Newburgh","slug":"newburgh","term_group":0,"term_taxonomy_id":260,"taxonomy":"rtcl_location","description":"","parent":44,"count":0,"filter":"raw","meta":{"_rtcl_order":["9"]},"child":[]},{"term_id":275,"name":"North Valley Stream","slug":"north-valley-stream","term_group":0,"term_taxonomy_id":275,"taxonomy":"rtcl_location","description":"","parent":44,"count":0,"filter":"raw","meta":{"_rtcl_order":["24"]},"child":[]},{"term_id":276,"name":"Ossining","slug":"ossining","term_group":0,"term_taxonomy_id":276,"taxonomy":"rtcl_location","description":"","parent":44,"count":0,"filter":"raw","meta":{"_rtcl_order":["25"]},"child":[]},{"term_id":50,"name":"Port Chester","slug":"port-chester","term_group":0,"term_taxonomy_id":51,"taxonomy":"rtcl_location","description":"","parent":44,"count":5,"filter":"raw","meta":{"_rtcl_order":["2"]},"child":[]},{"term_id":269,"name":"Poughkeepsie","slug":"poughkeepsie","term_group":0,"term_taxonomy_id":269,"taxonomy":"rtcl_location","description":"","parent":44,"count":0,"filter":"raw","meta":{"_rtcl_order":["18"]},"child":[]},{"term_id":266,"name":"Rochester","slug":"rochester","term_group":0,"term_taxonomy_id":266,"taxonomy":"rtcl_location","description":"","parent":44,"count":0,"filter":"raw","meta":{"_rtcl_order":["15"]},"child":[]},{"term_id":272,"name":"Schenectady","slug":"schenectady","term_group":0,"term_taxonomy_id":272,"taxonomy":"rtcl_location","description":"","parent":44,"count":0,"filter":"raw","meta":{"_rtcl_order":["21"]},"child":[]},{"term_id":274,"name":"Uniondale","slug":"uniondale","term_group":0,"term_taxonomy_id":274,"taxonomy":"rtcl_location","description":"","parent":44,"count":0,"filter":"raw","meta":{"_rtcl_order":["23"]},"child":[]},{"term_id":268,"name":"Valley Stream","slug":"valley-stream","term_group":0,"term_taxonomy_id":268,"taxonomy":"rtcl_location","description":"","parent":44,"count":0,"filter":"raw","meta":{"_rtcl_order":["17"]},"child":[]},{"term_id":271,"name":"West Hempstead","slug":"west-hempstead","term_group":0,"term_taxonomy_id":271,"taxonomy":"rtcl_location","description":"","parent":44,"count":0,"filter":"raw","meta":{"_rtcl_order":["20"]},"child":[]},{"term_id":273,"name":"White Plains","slug":"white-plains","term_group":0,"term_taxonomy_id":273,"taxonomy":"rtcl_location","description":"","parent":44,"count":0,"filter":"raw","meta":{"_rtcl_order":["22"]},"child":[]},{"term_id":258,"name":"Yonkers","slug":"yonkers","term_group":0,"term_taxonomy_id":258,"taxonomy":"rtcl_location","description":"","parent":44,"count":0,"filter":"raw","meta":{"_rtcl_order":["7"]},"child":[]}]}],"types":[{"key":"to_let","value":"To-Let"},{"key":"buy","value":"Buy"},{"key":"rent","value":"Rent"},{"key":"sell","value":"Sell"},{"key":"exchange","value":"Exchange"},{"key":"job","value":"Job"}],"settings":[{"key":"rtcl_general_settings","value":{"load_bootstrap":["css","js"],"include_results_from":["child_categories","child_locations"],"listings_per_page":"9","related_posts_per_page":"4","default_view":"grid","orderby":"date","order":"desc","location_level_first":"State","location_level_second":"City","location_level_third":"Town","currency":"USD","currency_position":"left","currency_thousands_separator":",","currency_decimal_separator":".","taxonomy_orderby":"_rtcl_order","taxonomy_order":"asc","text_editor":"textarea","enable_quick_view":"yes","enable_compare":"yes","compare_limit":"3","enable_mark_as_sold":"yes","enable_business_hours":"no","enable_social_profiles":"no","location_type":"local","admin_note_to_users":"Store will be <b>disable<\/b> from 12\/05\/2024","rss_feed_number":"10"}},{"key":"rtcl_general_directory_settings","value":{"enable_business_hours":"yes","enable_social_profiles":"yes"}},{"key":"rtcl_moderation_settings","value":{"listing_duration":"0","new_listing_threshold":"155","new_listing_label":"New","popular_listing_threshold":"10","popular_listing_label":"Popular","listing_featured_label":"Featured","listing_top_label":"Top","listing_enable_top_listing":"no","listing_top_per_page":"2","display_options":["category","location","ad_type","date","user","user_link","views","price","price_type","featured","new","excerpt"],"display_options_detail":["category","location","ad_type","date","user","user_link","views","price","price_type","featured","new","address","zipcode"],"has_report_abuse":"yes","has_favourites":"yes","has_map":"yes","has_contact_form":"yes","contact_form_require_login":"yes","has_comment_form":"yes","has_price":"yes","has_images":"yes","maximum_images_per_listing":"5","has_listing_renewal":"yes","delete_expired_listings":"15","new_listing_status":"pending","edited_listing_status":"pending","enable_review_rating":"yes","hide_form_fields":"","listing_bump_up_label":"","enable_update_rating":"yes","detail_page_sidebar_position":"right","title_max_limit":"","description_max_limit":"40","redirect_new_listing":"submission","redirect_new_listing_custom":"","redirect_update_listing":"account","redirect_update_listing_custom":"","alternate_contact_form_shortcode":"","registered_only":"","renew":"yes","pending_listing_status_after_promotion":"yes","listing_enable_faq":"yes","listing_faq_title":"Listing FAQ dfdfdf","listing_faq_position":"","listing_faq_limit":"3","listing_active_first_item":"no","listing_faq_active_first_item":"no","listing_faq_close_others":"no"}},{"key":"rtcl_payment_settings","value":{"payment":"yes","use_https":"no","currency":"USD","currency_position":"right","currency_thousands_separator":",","currency_decimal_separator":".","billing_address_disabled":"no","subscription":"yes"}},{"key":"rtcl_payment_offline","value":{"enabled":"yes","title":"Bank Transfer","description":"Make your payment directly in our bank account. Please use your Order ID as payment reference. Your order won\\\\\\\\\\\\\\'t get approved until the funds have cleared in our account.","instructions":"Make your payment directly in our bank account. Please use your Order ID as payment reference. Your order won\\\\\\\\\\\\\\'t get approved until the funds have cleared in our account.\r\nAccount details :\r\n\r\nAccount Name : YOUR ACCOUNT NAME\r\nAccount Number : YOUR ACCOUNT NUMBER\r\nBank Name : YOUR BANK NAME\r\n\r\nIf we don\\\\\\\\\\\\\\'t receive your payment within 48 hrs, we will cancel the order."}},{"key":"rtcl_payment_paypal","value":{"enabled":"no","title":"Paypal","description":"Pay via PayPal; you can pay with your credit card if you don\\\\\\\\\\\\\\'t have a PayPal account.","email":"aliakbar.reyad@gmail.com","testmode":"yes","ipn_notification":"yes","receiver_email":"","paymentaction":"sale","page_style":"","image_url":"","api_username":"","api_password":"","api_signature":"","sandbox_api_username":"","sandbox_api_password":"","sandbox_api_signature":""}},{"key":"rtcl_payment_authorizenet","value":{"enabled":"no","authorizenet_title":"Authorize.Net","authorizenet_description":"All cards are charged by &copy;Authorize.Net &#174;&#8482; servers.","authorizenet_apilogin":"","authorizenet_transactionkey":"","authorizenet_sandbox":"no","authorizenet_authorize_only":"no","authorizenet_meta_cartspan":"no","authorizenet_cardtypes":["mastercard","visa","discover","amex"]}},{"key":"rtcl_payment_stripe","value":{"enabled":"yes","stripe_title":"Credit Card","stripe_description":"All cards are stored by &copy;Stripe servers we do not store any card details","stripe_testsecretkey":"sk_test_AN22i8b8bG0UPM0eL6Rmurdv","stripe_testpublickey":"pk_test_fBRR0wGXjIhFixqDe0A3ecDP","stripe_livesecretkey":"","stripe_livepublickey":"","stripe_sandbox":"no","stripe_authorize_only":"no","stripe_statementdescriptor":"Online Shopping","stripe_cardtypes":["mastercard","visa","discover","amex"],"stripe_meta_cartspan":"no","stripe_receipt_email":"no","title":"Credit\/Debit Cards","description":"All cards are stored by &copy;Stripe servers we do not store any card details","testmode":"yes","inline_cc_form":"yes","statement_descriptor":"","capture":"yes","saved_cards":"yes","force_3d_secure":"no","webhook_url":"","webhook_secret_live":"","webhook_secret_test":"whsec_ZgxCcTOUlhRGZT5AvbbN61q0bpSQaPVi","logging":"yes"}},{"key":"rtcl_email_settings","value":{"from_name":"Classima","from_email":"{admin_email}","admin_notice_emails":"{admin_email}","notify_admin":["register_new_user","listing_submitted","order_created","listing_contact"],"notify_users":["register_new_user","listing_submitted","listing_published","listing_renewal","listing_expired","remind_renewal","order_created","order_completed"],"listing_submitted_subject":"[{site_name}] Listing \\\\\\\\\\\\\\\"{listing_title}\\\\\\\\\\\\\\\" received","listing_submitted_body":"Dear {name},\n\nYour submission \\\\\\\\\\\\\\\"{listing_title}\\\\\\\\\\\\\\\" has been received and it\\\\\\\\\\\\\\'s pending review. This review process could take up to 48 hours.\n\nThanks,\nThe Administrator of {site_name}","listing_published_subject":"[{site_name}] Listing \\\\\\\\\\\\\\\"{listing_title}\\\\\\\\\\\\\\\" published","listing_published_body":"Dear {name},\n\nYour listing \\\\\\\\\\\\\\\"{listing_title}\\\\\\\\\\\\\\\" is now available at {listing_url} and can be viewed by the public.\n\nThanks,\nThe Administrator of {site_name}","renewal_email_threshold":"3","renewal_subject":"[{site_name}] {listing_title} - Expiration notice","renewal_body":"Dear {name},\n\nYour listing \\\\\\\\\\\\\\\"{listing_title}\\\\\\\\\\\\\\\" is about to expire at {site_link}. You can renew it here: {renewal_link}.\n\nThanks,\nThe Administrator of {site_name}","expired_subject":"[{site_name}] {listing_title} - Expiration notice","expired_body":"Dear {name},\n\nYour listing \\\\\\\\\\\\\\\"{listing_title}\\\\\\\\\\\\\\\" in category \\\\\\\\\\\\\\\"{category_name}\\\\\\\\\\\\\\\" expired on {expiration_date}. To renew your listing click the link below.\n{renewal_link}\n\nThanks,\nThe Administrator of {site_name}","renewal_reminder_threshold":"3","renewal_reminder_subject":"[{site_name}] {listing_title} - Expiration reminder","renewal_reminder_body":"Dear {name},\n\nWe\\\\\\\\\\\\\\'ve noticed that you haven\\\\\\\\\\\\\\'t renewed your listing \\\\\\\\\\\\\\\"{listing_title}\\\\\\\\\\\\\\\" for category \\\\\\\\\\\\\\\"{category_name}\\\\\\\\\\\\\\\" at {site_link} and just wanted to remind you that it expired on {expiration_date}. Please remember you can still renew it here: {renewal_link}.\n\nThanks,\nThe Administrator of {site_name}","order_created_subject":"[{site_name}] Thank you for your order","order_created_body":"Dear {name},\n\nThe order is now created.\n\nThis notification was for the order #{order_id} on the website {site_name}.\nYou can access the order details directly by clicking on the link below after logging in your account:\n{order_page}\n\n{order_details}\n\nThanks,\nThe Administrator of {site_name}","order_completed_subject":"[{site_name}] Order completed","order_completed_body":"Dear {name},\n\nYour recent order #{order_id} on {site_name} has been completed.\n\nYou can access the order details directly by clicking on the link below after logging in your account:\n{order_page}\n\n{order_details}\n\nThanks,\nThe Administrator of {site_name}","contact_subject":"[{site_name}] Contact via \\\\\\\\\\\\\\\"{listing_title}\\\\\\\\\\\\\\\"","contact_body":"Dear {name},\n\nYou have received a reply from your listing at {listing_url}.\n\nName: {sender_name}\nEmail: {sender_email}\nMessage: {message}\nTime: {now}\n\nThanks,\nThe Administrator of {site_name}","email_content_type":"html","email_header_image":"0","email_footer_text":"It is a long established fact that a reader will be distracted by the readable content of a page when looking at its layout. The point of using Lorem Ipsum is that it has a more-or-less normal distribution of letters, as opposed to using \\\\\\\\\\\\\\'Content here, content here\\\\\\\\\\\\\\', making it look like readable English. Many desktop publishing packages and web page editors now use Lorem Ipsum as their default model text, and a search for \\\\\\\\\\\\\\'lorem ipsum\\\\\\\\\\\\\\' will uncover many web sites still in their infancy. Various versions have evolved over the years, sometimes by accident, sometimes on purpose (injected humour and the like).","email_base_color":"#0071bd","email_background_color":"#f7f7f7","email_body_background_color":"#ffffff","email_text_color":"#3c3c3c","listing_submitted_heading":"Your listing is received","listing_published_heading":"Your listing is published","renewal_heading":"Expiration notice","expired_heading":"Expiration notice","renewal_reminder_heading":"Renewal reminder","order_created_heading":"New Order: #{order_number}","order_completed_heading":"Payment is completed: #{order_number}","contact_heading":"Thank you for mail"}},{"key":"rtcl_account_settings","value":{"enable_myaccount_registration":"yes","user_role":"","enable_post_for_unregister":"yes","user_verification":"yes","social_login_shortcode":"","verify_max_resend_allowed":"5","enable_listing_terms_conditions":"no","enable_checkout_terms_conditions":"no","page_for_terms_and_conditions":"","terms_and_conditions_checkbox_text":"I have read and agree to the website [terms].","page_for_privacy_policy":"","registration_privacy_policy_text":"Your personal data will be used to support your experience throughout this website, to manage access to your account, and for other purposes described in our [privacy_policy].","checkout_privacy_policy_text":"Your personal data will be used to process your order, support your experience throughout this website, and for other purposes described in our [privacy_policy].","allowed_core_permission_roles":"","disable_name_phone_registration":"yes","enable_registration_terms_conditions":"no","disable_phone_at_registration":"yes","required_phone_at_registration":"no","separate_registration_form":"no"}},{"key":"rtcl_style_settings","value":{"primary":"","link":"","link_hover":"","button":"#f9423a","button_hover":"#ef1c13","button_text":"#ffffff","button_hover_text":"#ffffff","top":"#17a2b8","top_text":"#ffffff","feature":"","feature_text":"","popular":"","popular_text":"","new":"","new_text":"","bump_up":"","bump_up_text":"","container_class":"","sv_label_color":""}},{"key":"rtcl_misc_settings","value":{"image_size_gallery":{"width":"870","height":"493"},"image_size_gallery_thumbnail":{"width":"170","height":"116","crop":"yes"},"image_size_thumbnail":{"width":"400","height":"280","crop":"yes"},"image_allowed_type":["png","jpg","jpeg","webp"],"image_allowed_memory":"3","image_edit_cap":"yes","social_services":["facebook","twitter","linkedin","whatsapp","telegram"],"social_pages":["listing"],"store_banner_size":{"width":"1230","height":"313","crop":"yes"},"store_logo_size":{"width":"180","height":"140"},"placeholder_image":"0","recaptcha_forms":"","recaptcha_site_key":"6LdJp2EpAAAAAMmEIoxN8XKnZccf3xAA74jLKfiY","recaptcha_secret_key":"6LdJp2EpAAAAAJeca0jzYlLPLO9KkUL3HKOXMFnN","map_api_key":"AIzaSyCwx5yTQPJwVf04tUtMKPI1JGr4U6Bp9Yc","map_zoom_level":"2","disable_gallery_slider":"no","disable_gallery_zoom":"no","disable_gallery_photoswipe":"no","map_type":"osm","maxmind_database_prefix":"DnwWNohVLXZRF3T87xZqdSS55DFypc0O","required_gallery_image":"no","disable_gallery_video":"no","recaptcha_version":"3","map_center":{"address":"","lat":"0","lng":"0"},"maxmind_license_key":"","maxmind_database_path":"","verification_gateway":"firebase","firebase_api_key":"AIzaSyBrAKQnUyfjuitjnOw03K-h_iDwhlyP2Rw","firebase_app_id":"1:730272656835:web:34f11ffcc19987e9292176","firebase_project_id":"phone-verification-8c2c8","firebase_sender_id":"730272656835","firebase_measurement_id":"G-15WYXB67G2","twilio_site_id":"AC8df0ec5c6441e2d0b473a16240c7ae99","twilio_auth_token":"94548845a1203f8c331d726ddd7e6b48","twilio_phone_from":"+18043957190","geezsms_token":"","verification_expired_time":"100","verification_post_restriction":"yes","verification_country_list":"","verification_default_country":""}},{"key":"rtcl_chat_settings","value":{"enable":"yes","unread_message_email":"yes"}},{"key":"rtcl_advanced_settings","value":{"permalink":"listing","myaccount_listings_endpoint":"listings","myaccount_favourites_endpoint":"favourites","myaccount_edit_account_endpoint":"edit-account","myaccount_payments_endpoint":"payments","myaccount_lost_password_endpoint":"lost-password","myaccount_logout_endpoint":"logout","checkout_submission_endpoint":"submission","checkout_promote_endpoint":"promote","checkout_payment_receipt_endpoint":"payment-receipt","checkout_payment_failure_endpoint":"payment-failure","listings":"5","listing_form":"6","checkout":"7","myaccount":"8","myaccount_store_endpoint":"store","permalink_store":"store","category_base":"rtcl-category","location_base":"listing-location","store_category_base":"store-category","compare_page":"2167","store":"2666","myaccount_chat_endpoint":"chat","myaccount_verify":"verify","checkout_membership_endpoint":"membership","myaccount_documents_endpoint":"my-documents","myaccount_registration_endpoint":"registration"}},{"key":"rtcl_tools_settings","value":{"license_key":"0608db66-bb42-4ac1-ac61-742e58f0cda2","delete_all_data":"no","allow_rest_api":"no","rest_api_key":"","license_agent_key":"5f6271a3f0109feOca5d7d560f0ec4ab"}},{"key":"rtcl_membership_settings","value":{"number_of_free_ads":"8","renewal_days_for_free_ads":"30","enable":"yes","enable_store":"yes","enable_store_only_membership":"no","display_store_only_valid_membership":"no","enable_free_ads":"yes","unlimited_free_ads_membership":"no","categories_of_free_ads":"","enable_store_rating":"yes","enable_store_manager":"yes","stores_per_page":"12","stores_per_row":"4","renew_only_membership":"no","enable_store_only_verified_user":"no","new_store_status":"pending"}}]}